Маслоэкстракционный завод Юг Руси;+7 (473) 462-16-39,+7 928 130-66-36,+7 863 261-88-38,+7 863 262-28-01,+7 863 253-28-66,8 863 219-19-72,+7 863 244-22-94,+7 473 462-16-39,+7 472 363-32-42,+7 472 325-46-07,+7 861 386-69-52,+7 473 913-29-87,8 473 914-84-80,+7 920 225-38-81,+7 343 253-05-49,+7 863 210-70-35,+7 472 363-30-04,+7 863 257-29-71,+7 473 462-15-42,+7 472 325-44-50,+7 861 219-29-28,+7 473 913-47-93,+7 861 386-17-39,mez_anna@grain.ru,sokolova_okv@grain.ru,rostov@czn-rostov.ru,mez_anna@grain.ru,valczn@yandex.ru,dorofienko_op@grain.ru,chezn31@yandex.ru,kmez@grain.ru,cznliski@govvrn.ru;27.09.2021 16:32
Волго-Каспийская транспортно-логистическая компания;+7 851 256-04-09,+7 851 256-37-17,+7 851 256-37-38,+7 851 256-08-02,+7 851 256-10-04,+7 908 617-72-48,;22.09.2021 9:10
"Общество с ограниченной ответственностью ""Буран""";+7 851 273-00-00,+7 927 078-94-99,;22.09.2021 14:31
Армила;+7 909 422-81-59,+7 863 625-38-60,+7 909 422-81-59,8 863 625-78-26,+7 786 362 5386,+7 86362256987,+7 928 156-66-55,+7 938 545-25-25,+7 928 226-06-91,+7 5636253860,+7 928 909-16-06,+7 928 906-16-06,+7 886 365-38-60,+7 928 226-06-91,armilla@mail.ru,arm@mail.ru,armila@mail.ru,armula@mail.ru,ekaterina_kireeva_2011@mail.ru,armila@mail.ry;02.11.2021 9:57
"ООО ""РусЮгСтрой""";+7 863 623-85-76,+7 918 858-72-99,+7 919 893-26-66,+7 786 360 2292,+7 919 893-26-66,+7 863 623-85-76,+7 918 858-72-88,+7 918 858-72-99,rusyugstroi@mail.ru,russtroy@inbox.ru,rusyugstroi@yandex.ru,sp28297@mail.ru;25.10.2021 15:56
КРЫМЭЛИТСТРОЙ;+7 978 760-46-54,;30.11.2021 11:35
Парус;+7 863 204-18-06,+7 863 242-50-11,+7 961 286-67-23,+7 863 240-31-74,+7 6322770906,+7 863 240-85-46,+7 6438632041806,+7 863 227-09-06,+7 648632041806,+7 99999999999,+7 928 623-20-50,+7 6362041806,+7 918 210-66-44,+7 903 406-48-38,8 86322041806,+7 863 204-18-05,+7 989 807-23-77,+7 861 275-38-53,+7 918 315-18-18,+7 918 252-38-38,+7 918 969-13-35,+7 928 623-20-50,+7 863 291-00-34,arpine.saak@mail.ru,naida-r@ya.ru,parus@mail.ru,zakaz@mail.ru,1111@mail.ru,alant1985@yandex.ru,samolet@yandex.ru,samolet@ya.ru,andersonn1985@gmail.com,parus3o@yandex.ru;13.04.2022 15:20
ИП Хамидулин Руслан Хамитович;+7 978 790-88-40,,;08.12.2021 16:44
"ООО ""МастерПласт""";+7 861 232-88-64,+7 (861) 260-18-52,+7 861 260-63-10,+7 861 232-91-29,+7 918 392-28-00,+7 861 260-18-52,+7 861 260-63-20,,081283@list.ru;13.12.2021 10:23
Бетта;+7 861 419-93-57,+7 861 413-36-43,+7 861 764-45-20,+7 861 413-26-48,+7 861 413-26-38,+7 800 100-00-00,+7 861 412-73-23,+7 861 412-82-04,+7 861 413-25-62,+7 800 200-58-88,+7 861 413-26-47,+7 861 415-39-76,+7 861 413-50-76,+7 861 413-26-32,+7 861 415-42-16,+7 861 412-68-48,+7 861 419-93-72,bettaooo@mail.ru;18.05.2022 15:57
ИП Кочергин Валерий Иванович;+7 861 354-22-42,+7 861 354-02-12,+7 861 354-20-16,+7 861 354-22-42,,info@metallprofil.ru,42242@mail.ru;11.05.2022 11:51
"ООО ""КАМЫШИНСКИЙ МАШЗАВОД""";+7 844 574-05-38,+7 844 574-83-40,8 844 574-05-38,+7 844 574-05-38,+7 844 574-83-40,+7 844 574-73-40,+7 844 574-83-40,+7 844 574-19-43,info@kmz-zavod.ru,info@kmz-zavod.ru,kmz@atricom.ru,info@kmz-zavod.ru;06.06.2022 16:21
"ООО ""Жилищное хозяйство""";+7 844 632-39-43,+7 844 632-39-43,+7 844 632-39-43,oooukjh01@yandex.ru,oooukjh01@yandex.ru;09.06.2022 9:28
"ООО ""Такелаж-сервис""";+7 844 299-52-80,+7 937 530-85-14,+7 844 296-30-45,+7 844 255-61-74,+7 844 255-61-55,+7 844 296-36-27,+7 844 296-36-02,,takelazh-servis@yandex.ru;23.03.2022 9:21
ИП ДОЩЕННИКОВ АЛЕКСАНДР ОЛЕГОВИЧ;+7 918 644-61-48,+7 938 500-02-78,,;24.03.2022 13:44
Общество с ограниченной ответственностью «Торгово-Строительная Компания-Дон»;+7 863 922-27-19,+7 918 500-76-95,+7 918 500-76-93,;13.04.2022 9:22
"Общество с ограниченной ответственностью ""Энергодеталь""";+7 863 279-81-15,+7 863 279-81-15,+7 846 229-59-47,+7 863 279-81-55,+7 863 279-81-15,+7 812 424-19-42,+7 863 361-46-88,+7 347 224-62-44,+7 499 704-57-33,+7 863 241-64-43,market@endetal.ru;01.07.2022 9:35
Стальные магистрали;+7 (844) 321-55-19,+7 844 355-02-46,+7 902 363-01-53,+7 844 327-11-19,+7 844 322-31-05,;01.07.2022 9:34
ИП Бударников Сергей Анатольевич;+7 961 662-86-86,,bsa501@mail.ru;02.02.2021 20:16
"ООО ""НикТранс""";+7 978 763-91-33,+380 95 242 2551,;29.04.2021 22:32
Федеральное казенное учреждение «Объединенное стратегическое командование Южного военного округа»,;+7 861 309-03-66,+7 851 257-03-66,8 927 542-49-96,+7 861 675-65-08,+7 927 526-78-01,+7 863 235-06-44,+7 863 282-65-70,+7 865 231-57-05,+7 861 726-76-40,+7 867 362-23-02,+7 863 252-01-67,+7 863 525-86-08,+7 (937) 080-01-50,+7 861 763-76-18,+7 863 245-25-34,+7 862 246-47-41,+7 365 694-94-04,+7 851 716-13-40,+7 929 788-80-18,+7 865 452-77-58,+7 861 727-40-91,8 928 668-00-26,+7 918 370-16-06,+7 867 373-11-35,+7 863 242-62-30,+7 863 242-61-51,+7 863 242-62-27,+7 863 240-48-15,+7 863 240-28-15,sk01228@mail.ru,bokss.f25@yandex.ru,polyanina_vczn@mail.ru,tuapse@czn.krasnodar.ru,sov5volgazam@mail.ru,povskelista@mail.ru,29-czn@stavzan.ru,novoross@dgsz.krasnodar.ru,capitan-tsoy@rambler.ru,pervczn@rambler.ru,czn@novoch.ru,rabo4ayanedelya@yandex.ru,novorossiysk@czn.krasnodar.ru,czn.oct.rostov@yandex.ru,natalja.lapinskas@rambler.ru,rjkrasnsz@astranet.ru,lavrenovav939@mai.com,11-czn@stavzan.ru,centerz_vak@mail.ru,chiplieva76@mail.ru,beslan_zan@mail.ru;22.04.2021 11:16
"ООО ""СЗ ""Стройэлектросевкавмонтаж""";+7 861 992-05-43,+7 918 117-88-18,+7 8619920543142,+7 861 992-05-43,+7 861 992-05-44,+7 938 434-55-92,+7 861 290-78-88,8 861 992-05-43,+7 861 992-05-44,ekaterinafonina@yandex.ru,stroisevkav@yandex.ru,priem@stroysevkav.ru,rotkonelly@mail.ru,rojkova76@mail.ru,priem@stroyeskm.ru,kuprienkoannavl@yandex.ru,sale@stroyeskm.ru,priem@stroysevkav.ru,kadry@stroysevkav.ru;23.04.2021 9:51
Общество с ограниченной ответственностью «КУБАНЬВОДОКАНАЛ»;+7 861 464-26-86,+7 000,+7 918 231-23-12,+7 00000000000,+7 861 464-08-99,+7 862 111-11-11,+7 786122368,+7 988 360-05-80,+7 977 292-96-41,+7 918 339-96-90,+7 861464622368,+7 (961) 462-23-68,+7 861 462-37-11,+7 861 000-00-00,+7 861 462-54-55,+7 831 464-21-88,+7 861 463-14-55,+7 861 464-38-05,+7 786100000,+7 861 462-35-07,+7 861 464-20-15,+7 800 000-00-00,+7 861 464-35-04,+7 886 146-23-68,+7 861 464-02-78,+7 861 462-30-84,+7 861 111-11-11,+7 886 146-00-00,+7 861 464-22-08,+7 861 462-22-24,+7 861 462-20-78,+7 861 462-23-68,+7 861 464-42-88,+7 882 464-12-59,+7 0000000000000,+7 786177777,+7 861 462-11-91,+7 861 462-39-11,+7 86146444288,+7 6114643280,+7 861 464-22-88,+7 861 462-32-56,+7 861 464-24-19,+7 861 464-20-88,+7 861 262-31-84,+7 86146221245,+7 861 462-47-35,+7 786 134 2555,+7 861 463-11-35,+7 6148614622368,+7 861 464-39-46,+7 886125240,+7 861 464-21-88,+7 86146222540,+7 861 462-35-81,+7 861 464-39-49,+7 861 464-26-86,+7 111111111,+7 88614622368,+7 861 268-51-45,+7 861 462-52-40,8 786 146 4288,+7 861 462-20-81,+7 861 267-36-43,+7 61861464428,+7 861 464-23-68,+7 861 464-42-80,8 861 252-21-31,+7 786122222,+7 861 462-19-85,+7 861 464-26-84,+7 861 462-32-68,,abonur@slavvodokanal.ru,unknown@mail.ru,info@slavvodokanal.ru,urisn@slavvodokanal.ru,kuban-voda@bk.ru.,4644288@mail.ru,pochtinet.@mail.ru,1@mail.ru,kubvodlab@mail.ru,ap-voda@mail.ru,urit@slavvodokanal.ru,urist@slavvodokanalnal.ru,abon_vodokanal@mail.ru,urlst@slavvodokanal.ru,-@mail.ru,kuban_voda@mail.ru,22368@mail.ru,fat@pambler.ru,slav_voda@mail.ru,abonfl@slavvodokanal.ru,kuban-voda@mail.ru,88614640278@mail.ru,buh@slavvodokanal.ru,voda@mail.ru,urist@slavvodokanai.ru,kuban-voda@bk.ru,urist@slavvodokanal.ru,00@mail.ru,00@00.ru,slav_vodokanal@mail.ru,Kuban-voda@bk.ru,1@1.ru,krdvodokanal@mail.ru,voda@bk.ru,vrfst@slavvodokanal.ru,uban-voda@bk.ru,vodokanal@mail.ru,mbdu7@mail.ru,slavvodokanal@mail.ru,urist@alavvodokanal.ru,kuban-voda@bk.rг,kubanvoda@bk.ru,slav@mesk.ru,esenina173@mail.ru,slav_gor@mail.ru,www.boga@mail.ru,kuban-vodab@bk.ru,dfh@yandex.ru,dgsdhshgs@mail.ru,kuban@mail.ru,kubvod@mail.ru,munizip_zakaz@mail.ru,23581@mail.ru,yanina-sk@mail.ru,kuban.voda@mail.ru,kyban-vogab@bk.ru,zakupke@mail.ru,mail@mail.ru,unknown@email.ru,kybanvodokanal@mail.ru,kubvoda@mail.ru,vodslav@mail.ru,kubanvoda@mail.ru,uslav@yandex.ru,slavvodokanal@mai.ru,slavvod@yandex.ru,000@mail.ru,12345@mail.ru,voda_kanalmail@mail.ru,kubanvodokanal@mail.ru,net@yandex.ru,kuban-voda@bk.ru,slaviansk@czn.krasnodar.ru,kuban-voda@bk.ru;13.05.2021 11:23
Парус;+7 861 275-38-53,+7 (918) 315-18-18,+7 918 252-38-38,+7 918 969-13-35,+7 928 623-20-50,+7 863 291-00-34,arpine.saak@mail.ru,samolet17@yandex.ru,sergeirusskov@yandex.ru,naida-r@yandex.ru,samolet17@ya.ru,naida-r@ya.ru,parus@mail.ru,zakaz@mail.ru,1111@mail.ru;01.06.2021 19:55
"ООО ""Такелаж-сервис""";+7 (844) 296-36-02,+7 844 265-37-81,takelazh-servis@yandex.ru;27.05.2021 10:58
"Общество с ограниченной ответственностью ""Буран""";+7 (851) 273-00-00,8 (927) 078-94-99,;13.04.2021 11:50
